Dataset,Method,Seed,Sensors,L2,RMSE,MSE,Time,Subdomains,Splits
ngsim,B2,42,3,0.33256804943084717,9.331184230605878,87.07099914550781,28.765642166137695,1,
ngsim,B2,123,3,0.31263720989227295,8.77196644571256,76.94739532470703,23.098751544952393,1,
ngsim,B2,456,3,0.40105581283569336,11.252810995927133,126.6257553100586,23.720804691314697,1,
ngsim,B2,789,3,0.3562653362751007,9.996081919810312,99.9216537475586,22.973999500274658,1,
ngsim,B2,1024,3,0.42905962467193604,12.03854347214247,144.92652893066406,22.75431489944458,1,
ngsim,B2,2048,3,0.3236890137195587,9.082057711654999,82.48377227783203,23.142792463302612,1,
ngsim,B2,3000,3,0.3535904288291931,9.921029891419808,98.42683410644531,22.960254907608032,1,
ngsim,B2,4096,3,0.35228288173675537,9.88434284408795,97.70023345947266,22.523247241973877,1,
ngsim,B2,5555,3,0.3967982232570648,11.133353536743593,123.9515609741211,22.786465883255005,1,
ngsim,B2,7777,3,0.39662784337997437,11.128572040545953,123.8451156616211,22.12423348426819,1,
ngsim,B3,42,3,0.19637008011341095,5.509746066021204,30.357301712036133,67.59666275978088,1,
ngsim,B3,123,3,0.19160352647304535,5.3760059213832765,28.901439666748047,67.23850393295288,1,
ngsim,B3,456,3,0.20027996599674225,5.619449335182984,31.578210830688477,67.50282692909241,1,
ngsim,B3,789,3,0.20138144493103027,5.650354168349379,31.926502227783203,72.2788462638855,1,
ngsim,B3,1024,3,0.20711831748485565,5.811319867175857,33.77143859863281,78.35379552841187,1,
ngsim,B3,2048,3,0.20518934726715088,5.757196649667219,33.14531326293945,77.35513305664062,1,
ngsim,B3,3000,3,0.20271745324134827,5.687840378186136,32.35152816772461,69.90281867980957,1,
ngsim,B3,4096,3,0.19384238123893738,5.438823845725205,29.5808048248291,73.27828431129456,1,
ngsim,B3,5555,3,0.19616398215293884,5.503963602821745,30.293615341186523,76.5618577003479,1,
ngsim,B3,7777,3,0.19429869949817657,5.4516274218466965,29.72024154663086,82.99418497085571,1,
ngsim,B4,42,3,0.190726175904274,5.351389638517497,28.637371063232422,89.37490725517273,1,
ngsim,B4,123,3,0.19002816081047058,5.331804632604123,28.42814064025879,83.39021921157837,1,
ngsim,B4,456,3,0.1923394650220871,5.396655438611558,29.123889923095703,83.68526840209961,1,
ngsim,B4,789,3,0.19268235564231873,5.406276107460444,29.227821350097656,84.05945372581482,1,
ngsim,B4,1024,3,0.19326679408550262,5.422674026756898,29.405393600463867,84.10007309913635,1,
ngsim,B4,2048,3,0.19131450355052948,5.36789695348626,28.81431770324707,88.276611328125,1,
ngsim,B4,3000,3,0.19244158267974854,5.399520125083039,29.154817581176758,86.05315375328064,1,
ngsim,B4,4096,3,0.1930699646472931,5.417151424528801,29.345529556274414,85.92002296447754,1,
ngsim,B4,5555,3,0.1905350387096405,5.346026733103257,28.580001831054688,86.08864760398865,1,
ngsim,B4,7777,3,0.19132259488105774,5.368123646126507,28.81675148010254,85.62374830245972,1,
ngsim,B5,42,3,0.20055647194385529,5.627207683087034,31.66546630859375,182.9025056362152,1,
ngsim,B5,123,3,0.1943262219429016,5.452398825663945,29.728652954101562,176.25250577926636,1,
ngsim,B5,456,3,0.1992531269788742,5.590638728628686,31.25524139404297,183.49432706832886,1,
ngsim,B5,789,3,0.19566701352596283,5.490019325541962,30.14031219482422,180.27228569984436,1,
ngsim,B5,1024,3,0.19436128437519073,5.45338295050498,29.7393856048584,144.79574370384216,1,
ngsim,B5,2048,3,0.2011457085609436,5.643740652082946,31.851808547973633,151.6640739440918,1,
ngsim,B5,3000,3,0.2090245932340622,5.8648060767072945,34.39595031738281,150.73356986045837,1,
ngsim,B5,4096,3,0.18934878706932068,5.312742519452917,28.22523307800293,149.04692363739014,1,
ngsim,B5,5555,3,0.19637933373451233,5.510005173585543,30.360157012939453,148.93953490257263,1,
ngsim,B5,7777,3,0.19024398922920227,5.337860252497747,28.492752075195312,150.75225400924683,1,
ngsim,B7,42,3,0.19354283809661865,5.430419170014461,29.489452362060547,408.7078847885132,2,"x=[0.000,0.347];x=[0.347,1.000]"
ngsim,B7,123,3,0.19661845266819,5.5167145341868995,30.434139251708984,365.08499455451965,2,"x=[0.000,0.850];x=[0.850,1.000]"
ngsim,B7,456,3,0.18787430226802826,5.271371665674021,27.7873592376709,390.04161167144775,2,"x=[0.000,0.150];x=[0.150,1.000]"
ngsim,B7,789,3,0.20298264920711517,5.695281354403007,32.43622970581055,386.41626167297363,2,"x=[0.000,0.850];x=[0.850,1.000]"
ngsim,B7,1024,3,0.19602128863334656,5.499959078549827,30.249549865722656,354.1701250076294,2,"x=[0.000,0.834];x=[0.834,1.000]"
ngsim,B7,2048,3,0.19683262705802917,5.52272436996024,30.500484466552734,291.43744349479675,2,"x=[0.000,0.850];x=[0.850,1.000]"
ngsim,B7,3000,3,0.19428618252277374,5.451276143305911,29.716411590576172,299.8280920982361,2,"x=[0.000,0.839];x=[0.839,1.000]"
ngsim,B7,4096,3,0.1890604943037033,5.304653881118156,28.139352798461914,316.8981363773346,2,"x=[0.000,0.377];x=[0.377,1.000]"
ngsim,B7,5555,3,0.2040168195962906,5.724297839420529,32.76758575439453,294.45441603660583,2,"x=[0.000,0.829];x=[0.829,1.000]"
ngsim,B7,7777,3,0.20595712959766388,5.778738765189909,33.393821716308594,296.8254623413086,2,"x=[0.000,0.839];x=[0.839,1.000]"
ngsim,B8,42,3,0.1913839429616928,5.36984520289475,28.835237503051758,950.928704738617,4,"x=[0.000,0.500];x=[0.500,1.000];x=[0.000,0.500];x=[0.500,1.000]"
ngsim,B8,123,3,0.19465956091880798,5.461751590674225,29.830730438232422,837.1285998821259,4,"x=[0.000,0.500];x=[0.500,1.000];x=[0.000,0.500];x=[0.500,1.000]"
ngsim,B8,456,3,0.19243931770324707,5.399456540770464,29.154130935668945,690.3027927875519,4,"x=[0.000,0.500];x=[0.500,1.000];x=[0.000,0.500];x=[0.500,1.000]"
ngsim,B8,789,3,0.19096733629703522,5.358155759693964,28.7098331451416,670.1214482784271,4,"x=[0.000,0.500];x=[0.500,1.000];x=[0.000,0.500];x=[0.500,1.000]"
ngsim,B8,1024,3,0.18467038869857788,5.181476082833217,26.847694396972656,666.3511228561401,4,"x=[0.000,0.500];x=[0.500,1.000];x=[0.000,0.500];x=[0.500,1.000]"
ngsim,B8,2048,3,0.19322967529296875,5.421631909288425,29.394092559814453,667.6875336170197,4,"x=[0.000,0.500];x=[0.500,1.000];x=[0.000,0.500];x=[0.500,1.000]"
ngsim,B8,3000,3,0.18593446910381317,5.216943850887275,27.216503143310547,666.7911751270294,4,"x=[0.000,0.500];x=[0.500,1.000];x=[0.000,0.500];x=[0.500,1.000]"
ngsim,B8,4096,3,0.19332866370677948,5.424410092675113,29.424224853515625,660.2042691707611,4,"x=[0.000,0.500];x=[0.500,1.000];x=[0.000,0.500];x=[0.500,1.000]"
ngsim,B8,5555,3,0.19251729547977448,5.4016446470105866,29.177764892578125,674.1967356204987,4,"x=[0.000,0.500];x=[0.500,1.000];x=[0.000,0.500];x=[0.500,1.000]"
ngsim,B8,7777,3,0.19530421495437622,5.479840178003811,30.028648376464844,671.2977378368378,4,"x=[0.000,0.500];x=[0.500,1.000];x=[0.000,0.500];x=[0.500,1.000]"
ngsim,B2,42,4,0.2965632975101471,8.320963516197546,69.23843383789062,21.39431071281433,1,
ngsim,B2,123,4,0.2749577462673187,7.7147562297250865,59.51746368408203,21.184399604797363,1,
ngsim,B2,456,4,0.33557358384132385,9.415513049554344,88.65188598632812,21.010060787200928,1,
ngsim,B2,789,4,0.3004607558250427,8.43031920999566,71.07028198242188,21.298328638076782,1,
ngsim,B2,1024,4,0.3263522982597351,9.156783677519881,83.84668731689453,21.818359851837158,1,
ngsim,B2,2048,4,0.30425965785980225,8.536908519357057,72.8788070678711,21.19175624847412,1,
ngsim,B2,3000,4,0.33427897095680237,9.379190144339322,87.96920776367188,21.084784030914307,1,
ngsim,B2,4096,4,0.342134565114975,9.599601626077748,92.15235137939453,21.281089544296265,1,
ngsim,B2,5555,4,0.347021222114563,9.736711494144973,94.80355072021484,21.589903116226196,1,
ngsim,B2,7777,4,0.3290962874889374,9.233773097320128,85.26256561279297,21.33986473083496,1,
ngsim,B3,42,4,0.17920592427253723,5.028154830891544,25.28234100341797,62.57290244102478,1,
ngsim,B3,123,4,0.17099237442016602,4.797698804464425,23.017913818359375,63.57393503189087,1,
ngsim,B3,456,4,0.16946017742156982,4.754708616552682,22.607254028320312,64.69091081619263,1,
ngsim,B3,789,4,0.175167053937912,4.914832317173458,24.155576705932617,65.04873371124268,1,
ngsim,B3,1024,4,0.17536117136478424,4.920278720249141,24.209142684936523,64.31360363960266,1,
ngsim,B3,2048,4,0.1830756813287735,5.136731746062457,26.38601303100586,67.44710564613342,1,
ngsim,B3,3000,4,0.18485036492347717,5.186525919817943,26.90005111694336,64.56931948661804,1,
ngsim,B3,4096,4,0.1672774851322174,4.693466864730926,22.02863121032715,64.15134382247925,1,
ngsim,B3,5555,4,0.17609761655330658,4.940941106442576,24.412899017333984,63.137320041656494,1,
ngsim,B3,7777,4,0.1746242493391037,4.899602188777816,24.006101608276367,62.40117001533508,1,
ngsim,B4,42,4,0.1682315468788147,4.720235628615211,22.280624389648438,63.04439187049866,1,
ngsim,B4,123,4,0.16887876391410828,4.738395570034756,22.452392578125,63.273618936538696,1,
ngsim,B4,456,4,0.17078222334384918,4.791802622759861,22.96137237548828,65.90731644630432,1,
ngsim,B4,789,4,0.16849036514759064,4.727497809060091,22.34923553466797,64.4278621673584,1,
ngsim,B4,1024,4,0.16674479842185974,4.678520859639511,21.88855743408203,63.83690142631531,1,
ngsim,B4,2048,4,0.17086024582386017,4.79399156421847,22.98235511779785,64.08284592628479,1,
ngsim,B4,3000,4,0.17040862143039703,4.781320010401951,22.861021041870117,64.33616209030151,1,
ngsim,B4,4096,4,0.16993415355682373,4.768006977076194,22.733890533447266,64.07279443740845,1,
ngsim,B4,5555,4,0.17093203961849213,4.796006313532984,23.001676559448242,63.065977811813354,1,
ngsim,B4,7777,4,0.16998596489429474,4.7694610665521155,22.747758865356445,63.212397813797,1,
ngsim,B5,42,4,0.1823933720588684,5.117588359478068,26.18971061706543,126.76343035697937,1,
ngsim,B5,123,4,0.1726209819316864,4.843394604842535,23.458471298217773,126.4608690738678,1,
ngsim,B5,456,4,0.1765216588973999,4.952839647611375,24.530620574951172,126.0019748210907,1,
ngsim,B5,789,4,0.17444154620170593,4.894475134355094,23.955886840820312,126.07255339622498,1,
ngsim,B5,1024,4,0.17164592444896698,4.816036163739256,23.194204330444336,125.69813299179077,1,
ngsim,B5,2048,4,0.18635301291942596,5.228686894549658,27.33916664123535,126.36548781394958,1,
ngsim,B5,3000,4,0.17778460681438446,4.988274940958716,24.88288688659668,126.46439671516418,1,
ngsim,B5,4096,4,0.17064334452152252,4.787905978128174,22.924043655395508,126.12721848487854,1,
ngsim,B5,5555,4,0.17669811844825745,4.957790740428534,24.579689025878906,126.08208656311035,1,
ngsim,B5,7777,4,0.16873468458652496,4.734352640533524,22.414094924926758,125.92727041244507,1,
ngsim,B7,42,4,0.17616207897663116,4.942750481069749,24.430782318115234,261.3638684749603,2,"x=[0.000,0.281];x=[0.281,1.000]"
ngsim,B7,123,4,0.1708371639251709,4.793344596421578,22.976152420043945,265.0261971950531,2,"x=[0.000,0.588];x=[0.588,1.000]"
ngsim,B7,456,4,0.17307120561599731,4.856026921984784,23.580997467041016,265.4666838645935,2,"x=[0.000,0.181];x=[0.181,1.000]"
ngsim,B7,789,4,0.17136815190315247,4.80824269826919,23.119197845458984,261.34597730636597,2,"x=[0.000,0.523];x=[0.523,1.000]"
ngsim,B7,1024,4,0.17299503087997437,4.853889337347809,23.56024169921875,264.78159952163696,2,"x=[0.000,0.593];x=[0.593,1.000]"
ngsim,B7,2048,4,0.17489001154899597,4.907058940700607,24.079227447509766,261.27291989326477,2,"x=[0.000,0.291];x=[0.291,1.000]"
ngsim,B7,3000,4,0.16941474378108978,4.75343419460668,22.595136642456055,264.51908826828003,2,"x=[0.000,0.392];x=[0.392,1.000]"
ngsim,B7,4096,4,0.1700417697429657,4.7710268517216115,22.762697219848633,261.39552783966064,2,"x=[0.000,0.286];x=[0.286,1.000]"
ngsim,B7,5555,4,0.1725652664899826,4.84183134410633,23.443330764770508,260.92055773735046,2,"x=[0.000,0.307];x=[0.307,1.000]"
ngsim,B7,7777,4,0.17811910808086395,4.9976604710320025,24.97661018371582,261.27270221710205,2,"x=[0.000,0.302];x=[0.302,1.000]"
ngsim,B8,42,4,0.16708582639694214,4.688088952258904,21.978178024291992,646.156599521637,4,"x=[0.000,0.500];x=[0.500,1.000];x=[0.000,0.500];x=[0.500,1.000]"
ngsim,B8,123,4,0.1679115891456604,4.711258353825362,22.195955276489258,645.8418745994568,4,"x=[0.000,0.500];x=[0.500,1.000];x=[0.000,0.500];x=[0.500,1.000]"
ngsim,B8,456,4,0.1681535840034485,4.718048447758406,22.259981155395508,643.4448564052582,4,"x=[0.000,0.500];x=[0.500,1.000];x=[0.000,0.500];x=[0.500,1.000]"
ngsim,B8,789,4,0.16841094195842743,4.7252693866452935,22.328170776367188,644.2818117141724,4,"x=[0.000,0.500];x=[0.500,1.000];x=[0.000,0.500];x=[0.500,1.000]"
ngsim,B8,1024,4,0.17040175199508667,4.781126930797127,22.859174728393555,644.9583764076233,4,"x=[0.000,0.500];x=[0.500,1.000];x=[0.000,0.500];x=[0.500,1.000]"
ngsim,B8,2048,4,0.16827839612960815,4.721550520951715,22.293039321899414,610.1631987094879,4,"x=[0.000,0.500];x=[0.500,1.000];x=[0.000,0.500];x=[0.500,1.000]"
ngsim,B8,3000,4,0.17069393396377563,4.789325153062061,22.93763542175293,567.5837936401367,4,"x=[0.000,0.500];x=[0.500,1.000];x=[0.000,0.500];x=[0.500,1.000]"
ngsim,B8,4096,4,0.16924354434013367,4.748630125375839,22.549488067626953,568.4737350940704,4,"x=[0.000,0.500];x=[0.500,1.000];x=[0.000,0.500];x=[0.500,1.000]"
ngsim,B8,5555,4,0.16471818089485168,4.621658148846559,21.359724044799805,567.3245902061462,4,"x=[0.000,0.500];x=[0.500,1.000];x=[0.000,0.500];x=[0.500,1.000]"
ngsim,B8,7777,4,0.17126190662384033,4.8052618908442035,23.09054183959961,568.4815237522125,4,"x=[0.000,0.500];x=[0.500,1.000];x=[0.000,0.500];x=[0.500,1.000]"
ngsim,B2,42,5,0.28856000304222107,8.096407303135244,65.55181121826172,18.54402446746826,1,
ngsim,B2,123,5,0.2721632421016693,7.6363480968234665,58.313812255859375,18.49323010444641,1,
ngsim,B2,456,5,0.2980968654155731,8.363992773913086,69.95637512207031,18.57217025756836,1,
ngsim,B2,789,5,0.2922571003437042,8.200140361049801,67.24230194091797,18.57419443130493,1,
ngsim,B2,1024,5,0.3269093930721283,9.172413590846357,84.13317108154297,18.72011375427246,1,
ngsim,B2,2048,5,0.261983722448349,7.350731700365734,54.03325653076172,18.593722820281982,1,
ngsim,B2,3000,5,0.27347588539123535,7.6731786300128535,58.87767028808594,18.806091785430908,1,
ngsim,B2,4096,5,0.2890339195728302,8.10970615894158,65.767333984375,18.596367359161377,1,
ngsim,B2,5555,5,0.3333173096179962,9.35220658483179,87.4637680053711,18.607804536819458,1,
ngsim,B2,7777,5,0.33753737807273865,9.470613906764234,89.6925277709961,18.632659435272217,1,
ngsim,B3,42,5,0.1666378527879715,4.675520173371254,21.860488891601562,54.7319974899292,1,
ngsim,B3,123,5,0.16260330379009247,4.562318563119713,20.81475067138672,54.56679630279541,1,
ngsim,B3,456,5,0.1670028418302536,4.68576058222,21.95635223388672,54.371575593948364,1,
ngsim,B3,789,5,0.1618984043598175,4.542540696528129,20.634675979614258,54.988855838775635,1,
ngsim,B3,1024,5,0.1597680151462555,4.482765892640143,20.095190048217773,54.29794263839722,1,
ngsim,B3,2048,5,0.17603547871112823,4.93919806917361,24.39567756652832,54.487579345703125,1,
ngsim,B3,3000,5,0.16659486293792725,4.67431372842978,21.84920883178711,54.267096757888794,1,
ngsim,B3,4096,5,0.16101397573947906,4.517725894686561,20.409847259521484,54.20534682273865,1,
ngsim,B3,5555,5,0.16052766144275665,4.504080511793042,20.286741256713867,54.118173599243164,1,
ngsim,B3,7777,5,0.16253678500652313,4.560452145362519,20.7977237701416,54.2021644115448,1,
ngsim,B4,42,5,0.15715886652469635,4.409558724537139,19.4442081451416,54.45878529548645,1,
ngsim,B4,123,5,0.15971973538398743,4.481411582768304,20.083049774169922,54.8996856212616,1,
ngsim,B4,456,5,0.16088207066059113,4.514024285788186,20.376415252685547,55.104676246643066,1,
ngsim,B4,789,5,0.1560213714838028,4.3776433316244505,19.163761138916016,54.9788544178009,1,
ngsim,B4,1024,5,0.16079168021678925,4.511488343007415,20.353527069091797,54.591877937316895,1,
ngsim,B4,2048,5,0.15928174555301666,4.469122170909587,19.973052978515625,54.8905029296875,1,
ngsim,B4,3000,5,0.15833376348018646,4.442524174596028,19.736021041870117,54.860570192337036,1,
ngsim,B4,4096,5,0.15839165449142456,4.444148281614218,19.75045394897461,54.637418270111084,1,
ngsim,B4,5555,5,0.1582673192024231,4.440659593612504,19.719457626342773,54.71631383895874,1,
ngsim,B4,7777,5,0.16006211936473846,4.491018020325316,20.16924285888672,54.6680953502655,1,
ngsim,B5,42,5,0.16174978017807007,4.538370995693903,20.596811294555664,109.36712837219238,1,
ngsim,B5,123,5,0.15529729425907135,4.357327544432226,18.986303329467773,109.78151345252991,1,
ngsim,B5,456,5,0.16029159724712372,4.497456361517573,20.227113723754883,109.35693287849426,1,
ngsim,B5,789,5,0.16027721762657166,4.497053665312564,20.223491668701172,109.8844723701477,1,
ngsim,B5,1024,5,0.16012170910835266,4.492690401537522,20.184267044067383,109.83616733551025,1,
ngsim,B5,2048,5,0.17034201323986053,4.779451318637586,22.843154907226562,109.6865017414093,1,
ngsim,B5,3000,5,0.16201059520244598,4.545688330100204,20.66328239440918,109.79669308662415,1,
ngsim,B5,4096,5,0.1663699448108673,4.668003276872833,21.790254592895508,110.0208683013916,1,
ngsim,B5,5555,5,0.15614692866802216,4.381166091093674,19.194616317749023,110.24355936050415,1,
ngsim,B5,7777,5,0.16143913567066193,4.529654807439585,20.517772674560547,110.12973880767822,1,
ngsim,B7,42,5,0.16698047518730164,4.685133069407075,21.950471878051758,228.2626359462738,2,"x=[0.000,0.377];x=[0.377,1.000]"
ngsim,B7,123,5,0.1603347361087799,4.498667625696984,20.23801040649414,231.06087040901184,2,"x=[0.000,0.332];x=[0.332,1.000]"
ngsim,B7,456,5,0.16231577098369598,4.554251124839897,20.74120330810547,232.44748258590698,2,"x=[0.000,0.161];x=[0.161,1.000]"
ngsim,B7,789,5,0.16022653877735138,4.495631110469463,20.2106990814209,212.2043173313141,2,"x=[0.000,0.849];x=[0.849,1.000]"
ngsim,B7,1024,5,0.1594957858324051,4.4751276775878575,20.02676773071289,212.42069244384766,2,"x=[0.000,0.850];x=[0.850,1.000]"
ngsim,B7,2048,5,0.16376104950904846,4.59480283959667,21.112213134765625,229.2192485332489,2,"x=[0.000,0.447];x=[0.447,1.000]"
ngsim,B7,3000,5,0.15991821885108948,4.486980678080612,20.13299560546875,232.28182578086853,2,"x=[0.000,0.150];x=[0.150,1.000]"
ngsim,B7,4096,5,0.15825825929641724,4.440405525727369,19.717201232910156,211.84246826171875,2,"x=[0.000,0.850];x=[0.850,1.000]"
ngsim,B7,5555,5,0.16349804401397705,4.5874233145891745,21.044452667236328,232.63206124305725,2,"x=[0.000,0.332];x=[0.332,1.000]"
ngsim,B7,7777,5,0.17090149223804474,4.795148607164842,22.993450164794922,211.48980069160461,2,"x=[0.000,0.849];x=[0.849,1.000]"
ngsim,B8,42,5,0.1526605784893036,4.283346066783775,18.34705352783203,568.5904474258423,4,"x=[0.000,0.500];x=[0.500,1.000];x=[0.000,0.500];x=[0.500,1.000]"
ngsim,B8,123,5,0.15560878813266754,4.36606666771966,19.062538146972656,567.6964707374573,4,"x=[0.000,0.500];x=[0.500,1.000];x=[0.000,0.500];x=[0.500,1.000]"
ngsim,B8,456,5,0.1541585624217987,4.325376443521861,18.708881378173828,571.1208822727203,4,"x=[0.000,0.500];x=[0.500,1.000];x=[0.000,0.500];x=[0.500,1.000]"
ngsim,B8,789,5,0.15699343383312225,4.404917197515497,19.403295516967773,567.5651397705078,4,"x=[0.000,0.500];x=[0.500,1.000];x=[0.000,0.500];x=[0.500,1.000]"
ngsim,B8,1024,5,0.15644285082817078,4.389468437807009,19.267433166503906,567.3237769603729,4,"x=[0.000,0.500];x=[0.500,1.000];x=[0.000,0.500];x=[0.500,1.000]"
ngsim,B8,2048,5,0.1537167876958847,4.312980514514192,18.6018009185791,568.4988312721252,4,"x=[0.000,0.500];x=[0.500,1.000];x=[0.000,0.500];x=[0.500,1.000]"
ngsim,B8,3000,5,0.1518053412437439,4.259349860427117,18.142061233520508,566.4667639732361,4,"x=[0.000,0.500];x=[0.500,1.000];x=[0.000,0.500];x=[0.500,1.000]"
ngsim,B8,4096,5,0.15918408334255219,4.466382233023149,19.948570251464844,567.9150485992432,4,"x=[0.000,0.500];x=[0.500,1.000];x=[0.000,0.500];x=[0.500,1.000]"
ngsim,B8,5555,5,0.1556382030248642,4.366892250194031,19.069747924804688,610.9478459358215,4,"x=[0.000,0.500];x=[0.500,1.000];x=[0.000,0.500];x=[0.500,1.000]"
ngsim,B8,7777,5,0.15510942041873932,4.352055355631571,18.940385818481445,641.9092707633972,4,"x=[0.000,0.500];x=[0.500,1.000];x=[0.000,0.500];x=[0.500,1.000]"
ngsim,B2,42,6,0.26540374755859375,7.446690114712092,55.45319366455078,21.13965630531311,1,
ngsim,B2,123,6,0.21314264833927155,5.980349788068127,35.764583587646484,21.083263874053955,1,
ngsim,B2,456,6,0.28765928745269775,8.071134926027481,65.14321899414062,21.147212505340576,1,
ngsim,B2,789,6,0.24753379821777344,6.945296297172467,48.23714065551758,21.00758123397827,1,
ngsim,B2,1024,6,0.26196882128715515,7.350314189397711,54.02711868286133,21.232047080993652,1,
ngsim,B2,2048,6,0.23311518132686615,6.540738892417971,42.78126525878906,20.97932481765747,1,
ngsim,B2,3000,6,0.29604572057724,8.30644200363583,68.99697875976562,21.040979623794556,1,
ngsim,B2,4096,6,0.25966036319732666,7.285542937542499,53.07913589477539,21.098955631256104,1,
ngsim,B2,5555,6,0.3013768196105957,8.456022150391409,71.50431060791016,21.17820954322815,1,
ngsim,B2,7777,6,0.37212762236595154,10.441145757015285,109.01752471923828,20.956852912902832,1,
ngsim,B3,42,6,0.14221733808517456,3.9903296161923536,15.922730445861816,62.60434412956238,1,
ngsim,B3,123,6,0.14292411506175995,4.010160416512301,16.08138656616211,62.627100229263306,1,
ngsim,B3,456,6,0.1447363942861557,4.06100929493276,16.491796493530273,63.08912491798401,1,
ngsim,B3,789,6,0.144121915102005,4.043768555776953,16.35206413269043,62.69211459159851,1,
ngsim,B3,1024,6,0.1369462013244629,3.8424321838629045,14.76428508758545,62.5713996887207,1,
ngsim,B3,2048,6,0.14660687744617462,4.113491534792739,16.920812606811523,62.47296619415283,1,
ngsim,B3,3000,6,0.14406712353229523,4.042231307291852,16.33963394165039,62.43987250328064,1,
ngsim,B3,4096,6,0.1373836249113083,3.8547059515243554,14.858757972717285,62.51708793640137,1,
ngsim,B3,5555,6,0.14297309517860413,4.0115349865866055,16.0924129486084,62.983787536621094,1,
ngsim,B3,7777,6,0.14155831933021545,3.9718393631843822,15.775507926940918,62.570231676101685,1,
ngsim,B4,42,6,0.13281762599945068,3.726593337341291,13.887497901916504,65.69652915000916,1,
ngsim,B4,123,6,0.1331845372915268,3.7368878325710786,13.964330673217773,63.215487241744995,1,
ngsim,B4,456,6,0.1333412230014801,3.741284223579059,13.997207641601562,63.723761320114136,1,
ngsim,B4,789,6,0.13163994252681732,3.693549156860581,13.642305374145508,65.3987398147583,1,
ngsim,B4,1024,6,0.13431330025196075,3.7685587364742434,14.202034950256348,64.40822720527649,1,
ngsim,B4,2048,6,0.13299480080604553,3.731564154251201,13.92457103729248,64.84133052825928,1,
ngsim,B4,3000,6,0.13148462772369385,3.689191527253073,13.61013412475586,64.38979911804199,1,
ngsim,B4,4096,6,0.13359342515468597,3.7483602117510766,14.050204277038574,63.77461504936218,1,
ngsim,B4,5555,6,0.13550342619419098,3.8019509627758286,14.45483112335205,66.42448544502258,1,
ngsim,B4,7777,6,0.1337994635105133,3.754141364539797,14.09357738494873,64.2236578464508,1,
ngsim,B5,42,6,0.139776349067688,3.921840226828537,15.380830764770508,130.7726228237152,1,
ngsim,B5,123,6,0.13598598539829254,3.815490800276823,14.55797004699707,128.4953031539917,1,
ngsim,B5,456,6,0.13900908827781677,3.9003129931323426,15.212441444396973,129.8884220123291,1,
ngsim,B5,789,6,0.1410621702671051,3.9579181788055737,15.665116310119629,129.41288113594055,1,
ngsim,B5,1024,6,0.1401156336069107,3.9313603323538246,15.455594062805176,128.83084869384766,1,
ngsim,B5,2048,6,0.14615954458713531,4.100940242976584,16.817710876464844,133.13806247711182,1,
ngsim,B5,3000,6,0.14228206872940063,3.992145933767219,15.93722915649414,137.41604900360107,1,
ngsim,B5,4096,6,0.1357893943786621,3.809974459264658,14.515905380249023,138.00928831100464,1,
ngsim,B5,5555,6,0.13877524435520172,3.893751978988512,15.161304473876953,138.08802676200867,1,
ngsim,B5,7777,6,0.13578882813453674,3.809958940019405,14.515787124633789,138.6243612766266,1,
ngsim,B7,42,6,0.14724639058113098,4.1314348834475165,17.068754196166992,272.466500043869,2,"x=[0.000,0.367];x=[0.367,1.000]"
ngsim,B7,123,6,0.14447015523910522,4.0535393120061745,16.431180953979492,293.3190321922302,2,"x=[0.000,0.417];x=[0.417,1.000]"
ngsim,B7,456,6,0.14520235359668732,4.074083452181828,16.598155975341797,289.35439944267273,2,"x=[0.000,0.850];x=[0.850,1.000]"
ngsim,B7,789,6,0.1448359191417694,4.0638019529581175,16.51448631286621,280.4368097782135,2,"x=[0.000,0.357];x=[0.357,1.000]"
ngsim,B7,1024,6,0.14880260825157166,4.175099244908315,17.431453704833984,272.5130612850189,2,"x=[0.000,0.850];x=[0.850,1.000]"
ngsim,B7,2048,6,0.14534302055835724,4.078029587605124,16.630325317382812,268.4556198120117,2,"x=[0.000,0.367];x=[0.367,1.000]"
ngsim,B7,3000,6,0.14104631543159485,3.9574733536112983,15.661595344543457,268.32929134368896,2,"x=[0.000,0.362];x=[0.362,1.000]"
ngsim,B7,4096,6,0.14469027519226074,4.059715138105564,16.481287002563477,268.4178376197815,2,"x=[0.000,0.850];x=[0.850,1.000]"
ngsim,B7,5555,6,0.14655624330043793,4.112070570210299,16.90912437438965,266.1840629577637,2,"x=[0.000,0.362];x=[0.362,1.000]"
ngsim,B7,7777,6,0.15406309068202972,4.322697400273475,18.685712814331055,261.8796525001526,2,"x=[0.000,0.347];x=[0.347,1.000]"
ngsim,B8,42,6,0.13461722433567047,3.7770858408349213,14.266377449035645,656.924455165863,4,"x=[0.000,0.500];x=[0.500,1.000];x=[0.000,0.500];x=[0.500,1.000]"
ngsim,B8,123,6,0.13006944954395294,3.649484749574648,13.31873893737793,645.2056519985199,4,"x=[0.000,0.500];x=[0.500,1.000];x=[0.000,0.500];x=[0.500,1.000]"
ngsim,B8,456,6,0.13019879162311554,3.6531136909877615,13.345239639282227,661.4730479717255,4,"x=[0.000,0.500];x=[0.500,1.000];x=[0.000,0.500];x=[0.500,1.000]"
ngsim,B8,789,6,0.13410314917564392,3.7626622364640823,14.15762710571289,650.0602996349335,4,"x=[0.000,0.500];x=[0.500,1.000];x=[0.000,0.500];x=[0.500,1.000]"
ngsim,B8,1024,6,0.12913107872009277,3.62315597986832,13.127259254455566,653.9745903015137,4,"x=[0.000,0.500];x=[0.500,1.000];x=[0.000,0.500];x=[0.500,1.000]"
ngsim,B8,2048,6,0.13189534842967987,3.7007157741727394,13.695297241210938,673.27357172966,4,"x=[0.000,0.500];x=[0.500,1.000];x=[0.000,0.500];x=[0.500,1.000]"
ngsim,B8,3000,6,0.13263055682182312,3.721344499550986,13.848404884338379,681.2800805568695,4,"x=[0.000,0.500];x=[0.500,1.000];x=[0.000,0.500];x=[0.500,1.000]"
ngsim,B8,4096,6,0.13052864372730255,3.662368871014427,13.412945747375488,705.1149990558624,4,"x=[0.000,0.500];x=[0.500,1.000];x=[0.000,0.500];x=[0.500,1.000]"
ngsim,B8,5555,6,0.1315259039402008,3.690349706190389,13.618680953979492,698.9634017944336,4,"x=[0.000,0.500];x=[0.500,1.000];x=[0.000,0.500];x=[0.500,1.000]"
ngsim,B8,7777,6,0.13672171533107758,3.8361335284767164,14.715920448303223,702.3455209732056,4,"x=[0.000,0.500];x=[0.500,1.000];x=[0.000,0.500];x=[0.500,1.000]"
ngsim,B2,42,7,0.21990519762039185,6.170093134296165,38.07004928588867,21.867006301879883,1,
ngsim,B2,123,7,0.194950670003891,5.469920180329399,29.920026779174805,21.72014355659485,1,
ngsim,B2,456,7,0.2729623317718506,7.658769216437099,58.65674591064453,22.094146966934204,1,
ngsim,B2,789,7,0.22692595422267914,6.3670820543415925,40.53973388671875,22.058051824569702,1,
ngsim,B2,1024,7,0.24797870218753815,6.957779670053639,48.41069793701172,21.691344499588013,1,
ngsim,B2,2048,7,0.23489512503147125,6.59068075041617,43.43707275390625,21.647612810134888,1,
ngsim,B2,3000,7,0.2617942690849304,7.345416719938412,53.95514678955078,21.762030363082886,1,
ngsim,B2,4096,7,0.22286643087863922,6.253179428115355,39.10225296020508,21.934698820114136,1,
ngsim,B2,5555,7,0.2668771743774414,7.4880323930838495,56.07062911987305,21.749924659729004,1,
ngsim,B2,7777,7,0.31136155128479004,8.736173768687252,76.32073211669922,21.928240299224854,1,
ngsim,B3,42,7,0.13357120752334595,3.7477369473540296,14.0455322265625,66.3602340221405,1,
ngsim,B3,123,7,0.13171687722206116,3.6957081105128355,13.658258438110352,65.5038685798645,1,
ngsim,B3,456,7,0.1365659534931183,3.8317635818930653,14.682412147521973,65.81505227088928,1,
ngsim,B3,789,7,0.1305362582206726,3.66258252151794,13.414510726928711,67.45995855331421,1,
ngsim,B3,1024,7,0.1311453878879547,3.6796736342377425,13.539998054504395,66.48026847839355,1,
ngsim,B3,2048,7,0.13692863285541534,3.841939360124649,14.760498046875,65.66520309448242,1,
ngsim,B3,3000,7,0.13937920331954956,3.9106974193908526,15.293554306030273,65.78418707847595,1,
ngsim,B3,4096,7,0.1271139532327652,3.566559870775845,12.720349311828613,64.99232363700867,1,
ngsim,B3,5555,7,0.1287006437778473,3.6110788262383084,13.03989028930664,65.50285363197327,1,
ngsim,B3,7777,7,0.1305018663406372,3.6616175450980437,13.407443046569824,66.01004409790039,1,
ngsim,B4,42,7,0.1234307736158371,3.4632170943383103,11.99387264251709,66.14497637748718,1,
ngsim,B4,123,7,0.12219031155109406,3.4284119199932577,11.754008293151855,66.37653994560242,1,
ngsim,B4,456,7,0.12427625060081482,3.4869393120164904,12.158745765686035,66.94962525367737,1,
ngsim,B4,789,7,0.12353959679603577,3.4662701789607,12.015028953552246,66.69422817230225,1,
ngsim,B4,1024,7,0.12243259698152542,3.4352104191416424,11.800670623779297,66.35370540618896,1,
ngsim,B4,2048,7,0.12411897629499435,3.4825263486414477,12.127989768981934,65.9956488609314,1,
ngsim,B4,3000,7,0.12222518771886826,3.429390653307191,11.760720252990723,65.19517207145691,1,
ngsim,B4,4096,7,0.12206152081489563,3.4247984221232253,11.729244232177734,66.58481621742249,1,
ngsim,B4,5555,7,0.12408453971147537,3.4815602244797788,12.121261596679688,65.65952610969543,1,
ngsim,B4,7777,7,0.12602469325065613,3.5359972885949973,12.503276824951172,66.0749249458313,1,
ngsim,B5,42,7,0.12874679267406464,3.612373988715812,13.049245834350586,130.98140931129456,1,
ngsim,B5,123,7,0.12857337296009064,3.607508056800818,13.014114379882812,131.7702076435089,1,
ngsim,B5,456,7,0.13092900812625885,3.673602278245492,13.495353698730469,129.15130186080933,1,
ngsim,B5,789,7,0.13126882910728455,3.6831370259672367,13.565498352050781,128.211576461792,1,
ngsim,B5,1024,7,0.12754108011722565,3.5785439591649255,12.805976867675781,128.0010015964508,1,
ngsim,B5,2048,7,0.1296461522579193,3.637607879612016,13.23219108581543,129.7938849925995,1,
ngsim,B5,3000,7,0.13101105391979218,3.675904615482625,13.512274742126465,128.01319766044617,1,
ngsim,B5,4096,7,0.12320002913475037,3.4567429589362404,11.949071884155273,126.86955142021179,1,
ngsim,B5,5555,7,0.12867721915245056,3.61042169364026,13.035144805908203,127.5022177696228,1,
ngsim,B5,7777,7,0.12789298593997955,3.588417541985247,12.876740455627441,127.59829831123352,1,
ngsim,B7,42,7,0.13948822021484375,3.9137564594674816,15.317489624023438,269.84274768829346,2,"x=[0.000,0.302];x=[0.302,1.000]"
ngsim,B7,123,7,0.13844195008277893,3.884400194720119,15.0885648727417,270.92359018325806,2,"x=[0.000,0.372];x=[0.372,1.000]"
ngsim,B7,456,7,0.1370237022638321,3.8446073738907334,14.781005859375,275.7711887359619,2,"x=[0.000,0.382];x=[0.382,1.000]"
ngsim,B7,789,7,0.13299532234668732,3.731578593905029,13.924678802490234,271.1991276741028,2,"x=[0.000,0.362];x=[0.362,1.000]"
ngsim,B7,1024,7,0.14436636865139008,4.050627040594711,16.40757942199707,262.70799589157104,2,"x=[0.000,0.850];x=[0.850,1.000]"
ngsim,B7,2048,7,0.13875292241573334,3.8931257797683814,15.156428337097168,260.4750306606293,2,"x=[0.000,0.327];x=[0.327,1.000]"
ngsim,B7,3000,7,0.13853995501995087,3.8871499593948946,15.10993480682373,259.4785108566284,2,"x=[0.000,0.850];x=[0.850,1.000]"
ngsim,B7,4096,7,0.13743875920772552,3.856252665959307,14.870684623718262,258.58951711654663,2,"x=[0.000,0.342];x=[0.342,1.000]"
ngsim,B7,5555,7,0.14108917117118835,3.958675664186344,15.671113014221191,263.1285071372986,2,"x=[0.000,0.362];x=[0.362,1.000]"
ngsim,B7,7777,7,0.14605028927326202,4.0978745510546855,16.79257583618164,262.91982865333557,2,"x=[0.000,0.362];x=[0.362,1.000]"
ngsim,B8,42,7,0.12464138120412827,3.49718416567144,12.230297088623047,655.212596654892,4,"x=[0.000,0.500];x=[0.500,1.000];x=[0.000,0.500];x=[0.500,1.000]"
ngsim,B8,123,7,0.1290152221918106,3.619905509347785,13.103715896606445,679.2145993709564,4,"x=[0.000,0.500];x=[0.500,1.000];x=[0.000,0.500];x=[0.500,1.000]"
ngsim,B8,456,7,0.12360537052154541,3.4681158087466484,12.027827262878418,677.158394575119,4,"x=[0.000,0.500];x=[0.500,1.000];x=[0.000,0.500];x=[0.500,1.000]"
ngsim,B8,789,7,0.12382303178310394,3.474223037693062,12.070225715637207,835.9555330276489,4,"x=[0.000,0.500];x=[0.500,1.000];x=[0.000,0.500];x=[0.500,1.000]"
ngsim,B8,1024,7,0.12181311100721359,3.41782840113635,11.681550979614258,982.5478057861328,4,"x=[0.000,0.500];x=[0.500,1.000];x=[0.000,0.500];x=[0.500,1.000]"
ngsim,B8,2048,7,0.12467434257268906,3.498109034204844,12.236766815185547,973.5543403625488,4,"x=[0.000,0.500];x=[0.500,1.000];x=[0.000,0.500];x=[0.500,1.000]"
ngsim,B8,3000,7,0.12543454766273499,3.5194385783096345,12.38644790649414,791.3773815631866,4,"x=[0.000,0.500];x=[0.500,1.000];x=[0.000,0.500];x=[0.500,1.000]"
ngsim,B8,4096,7,0.12197184562683105,3.422282434184264,11.712017059326172,688.2428302764893,4,"x=[0.000,0.500];x=[0.500,1.000];x=[0.000,0.500];x=[0.500,1.000]"
ngsim,B8,5555,7,0.12373796105384827,3.4718361262661124,12.053646087646484,670.3684904575348,4,"x=[0.000,0.500];x=[0.500,1.000];x=[0.000,0.500];x=[0.500,1.000]"
ngsim,B8,7777,7,0.12625782191753387,3.54253818036424,12.549576759338379,673.9886863231659,4,"x=[0.000,0.500];x=[0.500,1.000];x=[0.000,0.500];x=[0.500,1.000]"
