Dataset,Method,Sensors,L2_mean,L2_std,RMSE_mean,RMSE_std,MSE_mean,MSE_std,Time_mean,n_runs
20221121,B8,3,0.21665350496768948,0.0026848470534045375,6.977404363010254,0.08646873332008016,48.690900802612305,1.2075131912793466,1347.1223233699798,10
20221121,B8,4,0.16755607724189756,0.0029447867204338424,5.396199498768263,0.09483740889809825,29.127063751220703,1.0233818791832288,1129.7630123615265,10
20221121,B8,5,0.16041811555624005,0.0025269091704888964,5.166319746946023,0.08137936317005337,26.696820068359376,0.83958658117256,1326.1986411571502,10
20221121,B8,6,0.15571861863136288,0.0023912185419188905,5.0149713984216415,0.07701081692596246,25.155275726318358,0.7686241179174393,1126.4961650133132,10
20221121,B8,7,0.14170231670141215,0.0020846571343924674,4.5635675179841355,0.06713719964917868,20.830205154418945,0.6124710352938628,1132.0049314022065,10
20221122,B8,3,0.2200833991169929,0.0016970121380258272,7.683199089039012,0.05924184756100443,59.03470687866211,0.9116433762301867,1166.7039090633393,10
20221122,B8,4,0.19260253459215165,0.0010371975275957903,6.7238206390386726,0.036209253312711784,45.21094398498535,0.48794343053047273,1104.4518089294434,10
20221122,B8,5,0.1791377648711204,0.0008895400110810335,6.2537629601866005,0.031054082567967087,39.1104190826416,0.3887085401197015,1154.5124724388122,10
20221122,B8,6,0.16226475536823268,0.001990210666216246,5.664721626129061,0.0694785358573953,32.09341564178467,0.7880696749649417,1143.9810282707215,10
20221122,B8,7,0.1459892630577087,0.0019635463319441684,5.09654026463841,0.06854824592057408,25.97895164489746,0.6970654662593034,1127.9090755462646,10
20221123,B8,3,0.11149791777133937,0.0010646021811104697,4.9749415395462036,0.0475034470776379,24.752074241638184,0.47414370145622153,1212.279986691475,10
20221123,B8,4,0.10150113627314564,0.0008937501904403532,4.5288893715341745,0.039877937294012865,20.512270164489745,0.3617355104597663,1189.1748552560807,10
20221123,B8,5,0.09658923670649525,0.001146666878365018,4.30972533455125,0.05116285389705156,18.57608833312988,0.44304512635646237,1211.604975128174,10
20221123,B8,6,0.09426105171442026,0.0012323906419418574,4.205844846629465,0.054988020824033465,17.691852188110353,0.46134310314475874,1199.0205964565278,10
20221123,B8,7,0.08663448877632612,0.0007032867083791839,3.865555638551506,0.03137986656112376,14.94342303276062,0.24121799047383163,1215.6316963831584,12
20221129,B8,3,0.268763667345047,0.0017467992716848587,7.837297327717131,0.050937566940464224,61.42556457519531,0.7966367013146789,1175.2946469783783,10
20221129,B8,4,0.250860171020031,0.002446753918156245,7.315222226570883,0.07134872245447325,53.51705780029297,1.0385526181766795,1168.0606184005737,10
20221129,B8,5,0.22584197819232937,0.0015830205369955835,6.585673530796181,0.04616194806617064,43.37301368713379,0.6089920915949358,1252.7054318666458,10
20221129,B8,6,0.20965749621391291,0.0015163354284112543,6.113725897430823,0.04421813450075173,37.379404067993164,0.5420323992163866,1190.1990216493607,10
20221129,B8,7,0.1894563019275665,0.002036138003891899,5.524651580898402,0.05937488300911868,30.524947929382325,0.6543311218770917,1221.0365294218063,10
20221202,B8,3,0.20451500266790384,0.0023485573321258193,7.592854526318318,0.0871921976684339,57.658282089233396,1.331832044451247,1183.202184176445,10
20221202,B8,4,0.18352653086185453,0.0017690849448292912,6.813623757099042,0.06568207827967168,46.4293514251709,0.893492712889708,1107.1799388170243,10
20221202,B8,5,0.17055266648530956,0.0020247837248286243,6.331953895681663,0.07517205505520515,40.09872589111328,0.9495825991024521,1288.1647452116013,10
20221202,B8,6,0.1565925151109695,0.001027858236945918,5.813669935181746,0.03815974194312574,33.80006866455078,0.4436699421177602,1203.8701318740846,10
20221202,B8,7,0.14082593321800227,0.001449292056268941,5.228320803156881,0.053806340381262405,27.33794403076172,0.5620877932813985,1147.0860746383667,10
20221121,B1,3,0.2263985276222229,0.0,7.291250540348938,0.0,53.16233444213867,0.0,0.0,1
20221121,B1,4,0.1794669181108474,0.0,5.779793220701954,0.0,33.406009674072266,0.0,0.0,1
20221121,B1,5,0.1646135300397873,0.0,5.3014360893417365,0.0,28.105224609375,0.0,0.0,1
20221121,B1,6,0.161527931690216,0.0,5.202065116454241,0.0,27.06148147583008,0.0,0.0,1
20221121,B1,7,0.1409808099269867,0.0,4.540333870194132,0.0,20.61463165283203,0.0,0.0,1
20221121,B2,3,0.4399476617574692,0.027708937783866152,14.168664384456571,0.8923780262652771,201.4677551269531,25.562563770835173,39.271153283119205,10
20221121,B2,4,0.3727527469396591,0.03195148388441076,12.004629247876652,1.0290072894364544,145.06409378051757,24.2649567683815,35.97015113830567,10
20221121,B2,5,0.3434344053268433,0.02718868475648606,11.060424913070028,0.8756228276316174,123.02304306030274,19.301942164599513,36.37623925209046,10
20221121,B2,6,0.32213342785835264,0.03253640652021527,10.374418796101912,1.0478465832581667,108.6167495727539,22.631704253760486,37.32670130729675,10
20221121,B2,7,0.2678506374359131,0.020281276191253972,8.62622087304034,0.6531656139242242,74.79564933776855,11.152950539739109,38.04727911949158,10
20221121,B3,3,0.2266393437981605,0.006889651999842393,7.299005042269046,0.22188474826098964,53.31978416442871,3.285896150379429,614.2584400653839,10
20221121,B3,4,0.1785751178860664,0.00919608572037465,5.751071070912492,0.29616306120191516,33.153759765625,3.4707260146310497,469.36057727336885,10
20221121,B3,5,0.16913631111383437,0.008626188825597202,5.44709348574202,0.27780918234106283,29.740287590026856,3.096428182038626,688.3055540323257,10
20221121,B3,6,0.16238183528184885,0.004923243377533349,5.229563652859564,0.15855515046379198,27.37096176147461,1.6486669258211144,514.8070123672485,10
20221121,B3,7,0.15616025924682614,0.010331138977572752,5.029195407858487,0.33271984776993935,25.392438697814942,3.4430314536085844,516.2770896911621,10
20221121,B4,3,0.21778212487697596,0.0020268251159386453,7.013752543693511,0.06527531751431798,49.196559524536134,0.9173833813829805,109.64860372543335,10
20221121,B4,4,0.17025347501039506,0.0018184986683870347,5.483069380190419,0.05856559992033205,30.067136764526367,0.6403071623875597,106.04509921073914,10
20221121,B4,5,0.16422567814588543,0.0017994546716518659,5.288943277364661,0.05795184004184073,27.975943565368652,0.6126845435638095,137.13158848285676,10
20221121,B4,6,0.16013940572738644,0.0014512074354397254,5.157344224163593,0.04673709700612531,26.600165367126465,0.4824617228208556,119.66872866153717,10
20221121,B4,7,0.14465720057487483,0.0010701157045312536,4.658730617146672,0.03446308840144295,21.70483989715576,0.3212100166668688,156.42840876579285,10
20221121,B5,3,0.21587327569723125,0.004145558427538635,6.9522757523448435,0.13351263559867396,48.35018119812012,1.839821219167861,213.88866305351257,10
20221121,B5,4,0.16747685372829438,0.0016369660981403742,5.393647507656917,0.05271922724147787,29.09393482208252,0.5716320262726138,205.596267414093,10
20221121,B5,5,0.162217703461647,0.0018579685985709144,5.224277052162089,0.0598363526140226,27.29629306793213,0.6271793599678731,239.93850984573365,10
20221121,B5,6,0.1570878505706787,0.002636138463506932,5.059069101112457,0.08489751983084318,25.600666999816895,0.8546824322462172,220.4904102087021,10
20221121,B5,7,0.1425928860902786,0.00288023375627682,4.5922489105657265,0.09275927717043103,21.096493911743163,0.853681980631339,396.890918636322,10
20221121,B6,3,0.2025824025273323,0.006236074729740975,6.524232876379426,0.2008346908298261,42.601915740966795,2.593925134979622,430.29791328907015,10
20221121,B6,4,0.15970947742462155,0.00391006626647571,5.14349641947829,0.12592533877965054,26.469826889038085,1.308391952470723,401.89777743816376,10
20221121,B6,5,0.15018853098154067,0.0014263737095355235,4.836868658933547,0.04593835984918598,23.397197723388672,0.444700088423888,476.73408167362214,10
20221121,B6,6,0.14863819181919094,0.0017613122289545707,4.786939739239882,0.05672468762235658,22.91768798828125,0.5427611363339848,517.3703407287597,10
20221121,B6,7,0.1394675582647323,0.0021374116284226447,4.491595573196384,0.06883558578926541,20.178695297241212,0.6154657014806103,399.2842760324478,10
20221121,B7,3,0.20691744983196253,0.0030645372765451917,6.663844590571283,0.09869539771954507,44.415591430664065,1.3160912540654817,392.4421076774597,10
20221121,B7,4,0.15842434018850327,0.002575236096584247,5.102108438979598,0.0829370723562821,26.037701225280763,0.8495223806696615,397.2215588092804,10
20221121,B7,5,0.15059982985258097,0.002850707056520022,4.850115604707268,0.09180950749937229,23.531207466125487,0.8770485114635138,582.8416082859039,10
20221121,B7,6,0.15091159790754313,0.0015941149568224648,4.8601563774798455,0.05134012236216679,23.62349224090576,0.49742443703967537,434.74106442928314,10
20221121,B7,7,0.14069954305887217,0.001929282530047715,4.531272749087476,0.06213289103889983,20.535907173156737,0.5640318284710987,518.8727190732956,10
20221122,B1,3,0.216119647026062,0.0,7.544825052365415,0.0,56.92438507080078,0.0,0.0,1
20221122,B1,4,0.1842664927244186,0.0,6.432807767809317,0.0,41.38101577758789,0.0,0.0,1
20221122,B1,5,0.1618754714727401,0.0,5.651136584444312,0.0,31.93534469604492,0.0,0.0,1
20221122,B1,6,0.1445029526948928,0.0,5.044656460788291,0.0,25.448558807373047,0.0,0.0,1
20221122,B1,7,0.1286492943763733,0.0,4.491192357505327,0.0,20.17080879211425,0.0,0.0,1
20221122,B2,3,0.4226416736841202,0.02768839144360998,14.754569867378857,0.9666120836012715,218.53823699951172,27.64370484158045,36.49137527942658,10
20221122,B2,4,0.38301996886730194,0.041945688430868225,13.371368086265443,1.4643401907217106,180.72334747314454,39.36304702020835,53.68822331428528,10
20221122,B2,5,0.3410048484802246,0.027906448594474286,11.90460633041213,0.9742224068202407,142.57385025024413,23.940433952129226,37.94014732837677,10
20221122,B2,6,0.3112744837999344,0.01751299301707492,10.86670702072362,0.6113870121612676,118.42173614501954,12.872344867240082,38.70594470500946,10
20221122,B2,7,0.2796385049819946,0.01313403803899804,9.762282436132491,0.458516393628776,95.4913719177246,9.040292621097484,40.70200936794281,10
20221122,B3,3,0.22355446666479106,0.0021491693793279872,7.804375704865208,0.07502842893006796,60.913346481323245,1.1750904266078812,471.04632153511045,10
20221122,B3,4,0.20083413422107693,0.0020539107484705272,7.011200080944013,0.07170448652316443,49.161553955078126,1.0019104283295084,735.1684167146683,10
20221122,B3,5,0.1881716281175613,0.0010523870060263278,6.569138009013973,0.03673916280445065,43.154788970947266,0.4823860317975113,609.1372557401658,10
20221122,B3,6,0.1710357621312141,0.002425456635264692,5.9709216842819774,0.08467338129539413,35.65835838317871,1.0149823311680013,578.0091896533966,10
20221122,B3,7,0.15678721070289608,0.0020600371141100944,5.473502543299584,0.07191688362483864,29.963884925842287,0.7877548346118958,519.0781774759292,10
20221122,B4,3,0.22228699773550029,0.0011152393733527975,7.760126297078992,0.03893343071456945,60.220924377441406,0.6044591072554265,109.3931384563446,10
20221122,B4,4,0.19456161856651302,0.001415460834725805,6.792214182168857,0.04941586141393909,46.1363712310791,0.6726667074685686,119.17334268093109,10
20221122,B4,5,0.1808204129338264,0.0013624779355388091,6.312504119062752,0.047564717304058333,39.849744415283205,0.5998977125247489,121.67148816585541,10
20221122,B4,6,0.16430242806673045,0.0008691368716464403,5.735857210072065,0.03034251342471824,32.90088653564453,0.3485118408226635,122.27590997219086,10
20221122,B4,7,0.15037939101457592,0.0011101969090598824,5.2498016314374905,0.03875757359911983,27.561769104003908,0.4062672314322859,119.81457419395447,10
20221122,B5,3,0.22097429037094113,0.002159027157494352,7.714299742985918,0.07537257556850864,59.515533447265625,1.1640909795348386,212.6280544757843,10
20221122,B5,4,0.1953868672251701,0.0015303471760060182,6.821025656865855,0.0534272673742846,46.52896003723144,0.7289200899199454,221.52276470661164,10
20221122,B5,5,0.18027907907962798,0.0017678363518526857,6.293606839845671,0.06171605689049424,39.6129150390625,0.7762598174277383,254.93294196128846,10
20221122,B5,6,0.16319799870252608,0.0015247148509960676,5.697302556882576,0.0532277354759596,32.461806297302246,0.6053778081605927,318.025021648407,10
20221122,B5,7,0.14878280013799663,0.0013804941925715031,5.194064726218854,0.04819370814436611,26.980398750305177,0.4997233195753732,235.04586601257324,10
20221122,B6,3,0.19780259728431698,0.004703588311309816,6.905360420867564,0.16420759756278733,47.70827026367188,2.2748838476508904,533.9215915679931,10
20221122,B6,4,0.18106831908226012,0.0039048958378743092,6.321156878416293,0.1363202080763376,39.9737491607666,1.7299727970684993,683.6623800516129,10
20221122,B6,5,0.17199489325284953,0.0024488030096021687,6.0044027922321845,0.08548828213849773,36.059430313110354,1.0241570395497746,649.7137916564941,10
20221122,B6,6,0.16312513053417202,0.0026472949076649507,5.69475702972222,0.09241798403431394,32.43794460296631,1.0589097832641177,756.7843868494034,10
20221122,B6,7,0.15521446913480755,0.00392560450403779,5.418594549089285,0.13704415429745995,29.37806987762451,1.493094872521578,651.4421981573105,10
20221122,B7,3,0.19698397815227506,0.003584486553362,6.876780451197289,0.12514010347429566,47.30420341491699,1.7462068226481209,438.1805171966553,10
20221122,B7,4,0.17923551648855207,0.0032409829995541923,6.257173142773853,0.11314380069832874,39.16373710632324,1.4185175210431804,436.6337099313736,10
20221122,B7,5,0.17172558456659312,0.00301507172943292,5.995000396706786,0.10525633485787796,35.95000076293945,1.2586701578871147,425.8745908975601,10
20221122,B7,6,0.1647910192608833,0.0031336868609134092,5.752913528607257,0.10939802148303238,33.106785202026366,1.25323214166307,470.21592807769775,10
20221122,B7,7,0.15406325012445446,0.003702618426847437,5.378404638594221,0.12925966848161696,28.942273712158205,1.3961139354379168,483.86658515930174,10
20221123,B1,3,0.1186627820134162,0.0,5.294631888153764,0.0,28.033126831054688,0.0,0.0,1
20221123,B1,4,0.1095878034830093,0.0,4.889716018200593,0.0,23.90932273864746,0.0,0.0,1
20221123,B1,5,0.1001274585723877,0.0,4.467599573973605,0.0,19.95944595336914,0.0,0.0,1
20221123,B1,6,0.0918686911463737,0.0,4.099101754393406,0.0,16.802635192871094,0.0,0.0,1
20221123,B1,7,0.0829966142773628,0.0,3.703241660296512,0.0,13.713998794555664,0.0,0.0,1
20221123,B2,3,0.3749780923128128,0.06772235039455413,16.731209267766566,3.0217246956686927,288.15110168457034,111.17131857624885,39.59135644435882,10
20221123,B2,4,0.30524604916572573,0.03310508578083557,13.61981600285642,1.4771227901539132,187.4630905151367,41.2644014960116,39.13187296390534,10
20221123,B2,5,0.24172881394624707,0.025915684397987426,10.785732424407847,1.1563370930670829,117.53542785644531,25.68169657277287,36.41424887180328,10
20221123,B2,6,0.23065838217735285,0.025236705939223336,10.291779952703248,1.1260438016037322,107.06191177368164,23.446401804563475,38.274478149414065,10
20221123,B2,7,0.20814511775970454,0.024991443572086634,9.287256802712259,1.1150985925836203,87.37223930358887,20.75599986638809,36.396452975273135,10
20221123,B3,3,0.11905656456947322,0.002459404461587579,5.312205662769484,0.10973652295299507,28.230366897583007,1.1807181354497076,526.6248198270798,10
20221123,B3,4,0.10733452371575612,0.0027653969032656158,4.7891728652902295,0.12339167607369698,22.95001810247248,1.1886814186114683,536.5499726642262,11
20221123,B3,5,0.10252567231655119,0.0024785863171858714,4.574603736177793,0.11059249630349892,20.938006973266603,1.011621867814178,464.4589853286743,10
20221123,B3,6,0.09957271814346308,0.0016529307998696873,4.442846138090438,0.07375235092544631,19.74377727508545,0.6543399007551627,470.2860955953598,10
20221123,B3,7,0.09065523594617841,0.0013331097237932066,4.044957886199549,0.05948150416813581,16.364868545532225,0.4827319837653927,464.0696290254593,10
20221123,B4,3,0.11224745586514469,0.0007394212073088595,5.008385769321812,0.032993402167122675,25.084907722473144,0.330268353011077,115.54174752235413,10
20221123,B4,4,0.10295658335089679,0.0010128603784031894,4.593829843839993,0.045193623133903356,21.10521297454834,0.41567958770418667,110.26507872343063,20
20221123,B4,5,0.09626685976982113,0.0008431265157129254,4.295341016202313,0.03761938499626372,18.451228141784668,0.3227057646365442,106.87214062213897,10
20221123,B4,6,0.09388444721698756,0.00033224481172834994,4.18904099220592,0.014824164922090993,17.548262214660646,0.12432298744517625,107.03109884262085,10
20221123,B4,7,0.08788453862071034,0.0009306317760156838,3.921332350284115,0.04152348707831564,15.378399181365968,0.32587295379640974,107.36116530895234,10
20221123,B5,3,0.11223885044455525,0.0013921844806445223,5.008001958579432,0.06211941516352709,25.08355655670166,0.6254747364700192,643.2793856620789,10
20221123,B5,4,0.10277373865246768,0.001018234998346082,4.5856711426193595,0.045432873037262685,21.03034076690674,0.41865888138433266,225.3893806576729,20
20221123,B5,5,0.09632671475410458,0.0011420819471173692,4.298011741425843,0.0509587317465495,18.475242042541502,0.43992907837735373,207.44830198287963,10
20221123,B5,6,0.0947716705501079,0.0014543973023038084,4.228628051899312,0.06489389049379071,17.88508529663086,0.5475197237092949,209.12954440116883,10
20221123,B5,7,0.08751095235347742,0.0009359354621953606,3.9046631660968716,0.04176069428245355,15.247964000701904,0.32716162900885365,208.6386209011078,10
20221123,B6,3,0.10717516317963596,0.0015871321978708584,4.78205929269497,0.07081801980816435,22.872604751586913,0.678554678955779,459.9512717962265,10
20221123,B6,4,0.1021627694368362,0.0010327401133934772,4.558410071704903,0.04607996936408413,20.78108418782552,0.4197842574525939,653.0051561991373,15
20221123,B6,5,0.09598105251789088,0.0007349092033089813,4.282587826535282,0.032791093655588445,18.341526222229003,0.2796715902287019,442.0112666606903,10
20221123,B6,6,0.09638574272394175,0.0015164356339726968,4.300645374153933,0.06766213555615055,18.49967098236084,0.5809524858664941,434.53589329719546,10
20221123,B6,7,0.0898817770183086,0.0011578907481845093,4.0104456944414855,0.051664076502869354,16.086076927185058,0.41181522429287365,537.8108649969101,10
20221123,B7,3,0.10660994872450824,0.002202904736981221,4.756839458678149,0.0982925957270255,22.636216926574708,0.9346543643546807,427.72196488380433,10
20221123,B7,4,0.10190766975283619,0.0013527476906906636,4.547027096424111,0.060358112206682996,20.67873420715332,0.5490219671013152,410.0094163417816,10
20221123,B7,5,0.09609634652733798,0.000640966209043031,4.287732630886642,0.028599066599897912,18.385387229919434,0.2454890709983498,436.06214983463286,10
20221123,B7,6,0.09584550186991686,0.0006247400332232191,4.276539988518842,0.02787446841100257,18.289493560791016,0.2388169828581649,422.26338760852815,10
20221123,B7,7,0.08923673257231708,0.0007691711764878112,3.9816645668907498,0.03431956254718902,15.854712772369385,0.273792645536576,420.9257241010666,10
20221129,B1,3,0.284156322479248,0.0,8.28615577348395,0.0,68.6603775024414,0.0,0.0,1
20221129,B1,4,0.249641865491867,0.0,7.279696188235988,0.0,52.99397659301758,0.0,0.0,1
20221129,B1,5,0.2141927182674408,0.0,6.245975877366525,0.0,39.01221466064453,0.0,0.0,1
20221129,B1,6,0.1954189985990524,0.0,5.698527952479949,0.0,32.47322082519531,0.0,0.0,1
20221129,B1,7,0.1731700897216797,0.0,5.0497369829934815,0.0,25.49984359741211,0.0,0.0,1
20221129,B2,3,0.5062017410993576,0.04298696551762599,14.761123394587093,1.2535248898211915,219.3049560546875,39.311382596942344,37.13148295879364,10
20221129,B2,4,0.47306236028671267,0.02905712407253111,13.794759981083349,0.8473228951813808,190.94156341552736,22.869184573582725,37.03704133033752,10
20221129,B2,5,0.4276246577501297,0.02361833050736011,12.46977188727432,0.6887203241862218,155.92211303710937,17.256433504061555,37.16948137283325,10
20221129,B2,6,0.3901792526245117,0.02842383880023662,11.377843920785104,0.8288560072187705,130.0736343383789,18.453611233025708,37.21989140510559,10
20221129,B2,7,0.3412151575088501,0.027416632093008667,9.950025006715402,0.799484967077165,99.57825622558593,15.893071284207144,36.82145254611969,10
20221129,B3,3,0.2705856680870056,0.0017952580704914472,7.890429809024643,0.05235068385744869,62.26134910583496,0.8247429388347296,485.9191256999969,10
20221129,B3,4,0.25794718265533445,0.0027302966742640744,7.5218853030318105,0.07961706273446331,56.58446350097656,1.1968831091009633,484.1101284742355,10
20221129,B3,5,0.23532726466655726,0.0037877902601302087,6.862273937149778,0.11045635350167392,47.10178413391113,1.5149808469781174,489.79884042739866,10
20221129,B3,6,0.2202292293310165,0.003295807207879444,6.422004672283303,0.09610752025067536,41.250457000732425,1.2381837233957234,488.92459881305695,10
20221129,B3,7,0.2024529874324798,0.0022239508872724635,5.9036415569142315,0.06485167952451948,34.85676879882813,0.7650796172097506,464.90607166290283,10
20221129,B4,3,0.2685908615589142,0.0015252220781968573,7.832256533399838,0.044477105801232965,61.34602279663086,0.696440867290167,109.61255116462708,10
20221129,B4,4,0.2512247696518898,0.001934584549175789,7.325853767992301,0.05641305623026103,53.670997619628906,0.8267337424371209,109.19518558979034,10
20221129,B4,5,0.22828588038682934,0.0019616165267962136,6.656939062643308,0.057202457475201876,44.31778259277344,0.7581466220363478,107.73182106018066,10
20221129,B4,6,0.21224620640277858,0.002230948028359242,6.189214787510275,0.0650554378194206,38.310188674926756,0.8042814496935172,108.19781351089478,10
20221129,B4,7,0.1926078245043754,0.0013705770528302564,5.616550662384729,0.03996599157771863,31.54707889556885,0.4493826492966452,108.47823784351348,10
20221129,B5,3,0.2662428468465805,0.0018138004362275686,7.763789847321972,0.05289094764534086,60.27895050048828,0.8225326789302659,213.75363793373108,10
20221129,B5,4,0.25152079313993453,0.0025020027051032368,7.3344880611222845,0.07296024761446526,53.7995059967041,1.0728812714638258,213.63225717544555,10
20221129,B5,5,0.22787150442600246,0.002877029601090221,6.644856904547106,0.08389617026322754,44.16045799255371,1.1133877111102284,212.4241626739502,10
20221129,B5,6,0.21151798963546747,0.0027473879794099485,6.167980101390901,0.08011495408642909,38.04975509643555,0.9936294159266945,213.0088262081146,10
20221129,B5,7,0.19264855533838268,0.002861781534237335,5.617738412296931,0.08345202580880268,31.565252685546874,0.9372567688468847,210.15203275680543,10
20221129,B6,3,0.24862448871135712,0.00363733448293506,7.250025040296974,0.10606624622258849,52.57298812866211,1.5413003704563955,487.301216173172,10
20221129,B6,4,0.23377023041248318,0.002049942515457373,6.816863633585652,0.05977775089179015,46.4728458404541,0.815761529891701,623.3287758350373,10
20221129,B6,5,0.20913298726081844,0.0026347814537699722,6.0984292442198065,0.07683219892730626,37.19615211486816,0.9408694377414469,641.2695283412934,10
20221129,B6,6,0.20246479213237759,0.0025617084535160075,5.903981080937178,0.07470063545531477,34.86201477050781,0.8807806047732923,577.1547936201096,10
20221129,B6,7,0.19474554210901257,0.002773517479348913,5.678885442258659,0.08087715584860337,32.25562686920166,0.9224796566811921,539.8546325683594,10
20221129,B7,3,0.24867881238460537,0.001578760635409458,7.251610111105686,0.04603773374782194,52.58775672912598,0.6665895960386229,416.0369397640228,10
20221129,B7,4,0.2354411497712135,0.0029716409643111576,6.865589975520669,0.08665539598206587,47.14308395385742,1.1889131976068255,429.4118226528168,10
20221129,B7,5,0.21067218631505963,0.0016948639552856464,6.143313689243815,0.0494229493982453,37.742501449584964,0.6080538232065983,430.6374653339386,10
20221129,B7,6,0.20383312702178952,0.0027013680762095777,5.943882291853468,0.07877342319986134,35.3353214263916,0.9314672381214023,425.1084293603897,10
20221129,B7,7,0.19551064819097513,0.0037474167076003814,5.701195377135351,0.10927614922696428,32.514375877380374,1.2416826865530874,423.03902928829194,10
20221202,B1,3,0.1998385936021804,0.0,7.419238841044865,0.0,55.04510498046875,0.0,0.0,1
20221202,B1,4,0.173364520072937,0.0,6.4363485250898105,0.0,41.42658233642578,0.0,0.0,1
20221202,B1,5,0.1582136452198028,0.0,5.8738619737004365,0.0,34.502254486083984,0.0,0.0,1
20221202,B1,6,0.1431249529123306,0.0,5.313678924795919,0.0,28.235183715820312,0.0,0.0,1
20221202,B1,7,0.1243855953216552,0.0,4.61795208017525,0.0,21.32548141479492,0.0,0.0,1
20221202,B2,3,0.40851743519306183,0.03675281135270297,15.166655021584173,1.3644907996638753,231.703076171875,42.188420110789586,39.92613067626953,10
20221202,B2,4,0.38764052391052245,0.05293340386299115,14.391581954815234,1.9652157195523565,210.59349670410157,58.24945137609665,40.276139760017394,10
20221202,B2,5,0.3422448247671127,0.03221582945053288,12.706215043203434,1.1960461374203548,162.7353744506836,29.8696086303415,40.76785533428192,10
20221202,B2,6,0.2990065187215805,0.035687014622505245,11.100944597001973,1.3249188226884554,124.81083984375,29.963763656956306,39.090923523902894,10
20221202,B2,7,0.2571459531784058,0.015772713676643336,9.546825530123296,0.585581530781093,91.45049285888672,11.379722448653506,37.83116054534912,10
20221202,B3,3,0.21035758405923838,0.0017088602214932178,7.809767797685777,0.06344379471343675,60.99609565734863,0.9898015002124207,555.7697222948075,10
20221202,B3,4,0.19021080583333966,0.0018223865918623803,7.06179819568966,0.06765825527686442,49.87311363220215,0.9539122740258629,555.3180550336838,10
20221202,B3,5,0.18059125393629072,0.003190723604848826,6.704649919683304,0.11846206250190383,44.96496047973633,1.5889259779665903,560.9293432950974,10
20221202,B3,6,0.167045758664608,0.001691176986172495,6.201758658406805,0.06278619396507465,38.465358352661134,0.7796130610024672,551.2980036258698,10
20221202,B3,7,0.15125042200088495,0.0018695837405937575,5.615342305046965,0.06941004597962783,31.536405181884767,0.781734902438679,643.4391859531403,10
20221202,B4,3,0.20917270481586453,0.0013554993272613838,7.765775463377272,0.05032404101453343,60.30954780578613,0.7831231813687206,111.87547829151154,10
20221202,B4,4,0.18560252785682677,0.0013798844592438086,6.890703333860186,0.05123428426661313,47.484154891967776,0.7051151440668157,117.00184729099274,10
20221202,B4,5,0.17478090077638622,0.0014837040509444693,6.488931894498451,0.05508418166278017,42.10896797180176,0.7118831214572698,115.43507471084595,10
20221202,B4,6,0.16007807552814485,0.0011136624204004899,5.94307563744688,0.04134571777423788,35.321686553955075,0.49147663019388005,109.76033289432526,10
20221202,B4,7,0.14569418281316754,0.0009788977210633619,5.409059824944005,0.03634320824076573,29.25911693572998,0.3932128452045603,115.24553496837616,10
20221202,B5,3,0.20638891011476512,0.0030187221430315893,7.66242484481951,0.11207344653925849,58.72405891418457,1.7150850971687244,238.63318490982056,10
20221202,B5,4,0.18550826162099834,0.0018753177450145213,6.887201701233655,0.06962748459573306,47.43791046142578,0.9596411273077436,244.8455016374588,10
20221202,B5,5,0.17449067085981365,0.0026632207048926763,6.4781571134895355,0.09887454844330565,41.975318145751956,1.2871222275991445,243.68144512176514,10
20221202,B5,6,0.1593010738492012,0.0016761116488793176,5.914229599715014,0.062227163024084306,34.98159675598144,0.7389919092059613,217.2679862499237,10
20221202,B5,7,0.14363639354705807,0.0015161714287985817,5.332663913545395,0.05629050518682379,28.440156173706054,0.6057625493502226,216.56631155014037,10
20221202,B6,3,0.18239472508430477,0.0035923442283225327,6.771602923875697,0.13337336811752154,45.870615768432614,1.7966933356252532,757.9765159130096,10
20221202,B6,4,0.16967391222715378,0.0032078128077540043,6.299327031856444,0.11909338394028789,39.69428596496582,1.5026692103064776,664.0591794252396,10
20221202,B6,5,0.16301735192537303,0.0021338963383189216,6.052196423296438,0.07922262691113206,36.63473014831543,0.9690423768255993,667.921802330017,10
20221202,B6,6,0.15309099406003948,0.002343477114542042,5.683671641626093,0.08700469355994431,32.31093616485596,0.9932581374831401,629.0203568935394,10
20221202,B6,7,0.14494477063417435,0.0034929357853613683,5.381236139254117,0.12967853831986817,28.972837257385255,1.3906703478337403,651.0452872037888,10
20221202,B7,3,0.17982323765754696,0.003576918322339183,6.67613237088828,0.13280026586090157,44.58661575317383,1.781501797766301,1019.958526468277,10
20221202,B7,4,0.1683801934123039,0.0039799708930132,6.251295867956212,0.1477600654081636,39.09834976196289,1.8648211354397253,831.8960984945297,10
20221202,B7,5,0.16032903194427486,0.0015876555859878824,5.952390322276756,0.058943521737129356,35.434077453613284,0.700394503408961,766.7061881303787,10
20221202,B7,6,0.15295839160680766,0.003678806960673538,5.67874870868419,0.13657908036216235,32.26497535705566,1.560024442564926,534.0238593816757,10
20221202,B7,7,0.14653520882129664,0.0033925402219769827,5.44028158954162,0.1259521125567744,29.610941314697264,1.36901773175955,432.31925868988037,10
ngsim,B1,3,0.1898265331983566,0.0,5.326147344495674,0.0,28.36784553527832,0.0,0.0,1
ngsim,B1,4,0.1606547534465789,0.0,4.507646422078765,0.0,20.31887626647949,0.0,0.0,1
ngsim,B1,5,0.1460015922784805,0.0,4.096508232593587,0.0,16.78137969970703,0.0,0.0,1
ngsim,B1,6,0.1240360811352729,0.0,3.48020103443929,0.0,12.111799240112305,0.0,0.0,1
ngsim,B1,7,0.1163697615265846,0.0,3.2650991500123885,0.0,10.66087245941162,0.0,0.0,1
ngsim,B2,3,0.3650784999132156,0.038130615500553605,10.243361771755172,1.0698676246998329,105.95661544799805,22.18406429602063,31.68890953063965,10
ngsim,B2,4,0.3191481292247772,0.023653210409397964,8.954648771372721,0.663661171522408,80.5821361541748,11.66030106534262,31.789611434936525,10
ngsim,B2,5,0.2973430037498474,0.02671452332358889,8.342841265039684,0.7495553006583763,70.10865020751953,12.71913251218375,32.11899862289429,10
ngsim,B2,6,0.2737083792686462,0.04431901181822005,7.679701753037884,1.2435015337611361,60.369485473632814,20.503659077836932,32.080642104148865,10
ngsim,B2,7,0.24610505551099776,0.03330131437404739,6.9052081900276265,0.934367206023209,48.46763801574707,13.304673372682071,32.29928259849548,10
ngsim,B3,3,0.19862829148769373,0.004252366938038626,5.5731065819531675,0.11931273176402153,31.072328948974608,1.330791297121729,93.41684498786927,10
ngsim,B3,4,0.17658128589391703,0.0045860100165128915,4.954512363970379,0.1286742289469127,24.562094116210936,1.2652978882260881,93.51089112758636,10
ngsim,B3,5,0.16383045464754104,0.0033451258028425416,4.5967500806826065,0.09385736620987094,21.138039588928223,0.867165395354616,94.69579448699952,10
ngsim,B3,6,0.14286669939756388,0.004014851124479556,4.008549579509657,0.11264847243374743,16.07989044189453,0.9070259001775826,95.0936404466629,10
ngsim,B3,7,0.13285606205463407,0.0031967918491528228,3.7276715275057,0.08969545689383733,13.902775764465332,0.6686313466856594,95.20714280605316,10
ngsim,B4,3,0.1916775688529014,0.0021772101850725386,5.378083667930426,0.06108814632477604,28.927142524719237,0.6558200930491975,94.26386244297028,10
ngsim,B4,4,0.1695951163768768,0.0014958371063367774,4.758494845799243,0.0419702742350938,22.64485855102539,0.3969233516996738,94.3184061050415,10
ngsim,B4,5,0.1580899029970169,0.0018401911751915712,4.435681960612572,0.051631876563030615,19.677673721313475,0.4580202239230897,95.76055524349212,10
ngsim,B4,6,0.1326007395982742,0.0010730817886418374,3.72050756430624,0.030108416377771532,13.842992401123047,0.22434070202610323,95.74224717617035,10
ngsim,B4,7,0.12340618595480916,0.0011039011283778643,3.4625270737561147,0.03097320315185626,11.989957141876221,0.21393572576125777,95.89434049129486,10
ngsim,B5,3,0.19743438065052027,0.006139111541519731,5.539607953014444,0.17225117579927485,30.71395969390869,1.947763562854292,187.02334518432616,10
ngsim,B5,4,0.17442187368869777,0.004940871574220329,4.893923858712259,0.13863070956855997,23.96778736114502,1.3626163543348782,188.61888332366942,10
ngsim,B5,5,0.16206574738025661,0.003654651383960234,4.547236052649073,0.10254190485720849,20.686819076538086,0.9237639589626473,190.92231364250182,10
ngsim,B5,6,0.14042072445154186,0.004015565173506557,3.9399204669237404,0.11266860567301969,15.534398078918457,0.8873489602011223,191.44282732009887,10
ngsim,B5,7,0.1299567103385925,0.0014866886753044247,3.646321530931561,0.041713415811708406,13.297226715087891,0.3060701381415552,189.98205649852753,10
ngsim,B6,3,0.19578104615211483,0.0058828954155291146,5.4932186747063225,0.1650620600546581,30.199972343444824,1.8396220840194888,363.2613666534424,10
ngsim,B6,4,0.1728062123060226,0.003399211702487815,4.848591488371041,0.09537479984869313,23.517026138305663,0.9361075530018497,571.8467767953873,10
ngsim,B6,5,0.1619773358106613,0.0028436846539823305,4.544755301604124,0.07978811947279546,20.660530281066894,0.7222509328475841,612.1013581514359,10
ngsim,B6,6,0.1438358917832374,0.0030243899792388295,4.0357432981588035,0.08485822950795846,16.293704795837403,0.6847051731283768,418.9409217119217,10
ngsim,B6,7,0.13828952759504318,0.0036095894664488937,3.8801235904469165,0.10127779358622094,15.064590549468994,0.7914104744367835,411.6733234167099,10
ngsim,B7,3,0.19587391316890712,0.004047331476991251,5.4958245258845455,0.11355984473116093,30.215693473815918,1.2455850757923714,361.22680926322937,10
ngsim,B7,4,0.17389553934335705,0.002652973258912511,4.879155835775488,0.07443702018625575,23.81114845275879,0.7267266297699043,396.1021564722061,10
ngsim,B7,5,0.16321469098329539,0.002555926540413695,4.579472797808743,0.07171406509971535,20.97619972229004,0.6614788809581917,387.95300207138064,10
ngsim,B7,6,0.14513165056705474,0.00372141837327952,4.072099527193105,0.10441545870015495,16.591806888580322,0.8585205712187963,407.86042499542236,10
ngsim,B7,7,0.13859192430973052,0.003557107948094436,3.8886081776327956,0.09980522067936098,15.13023853302002,0.7846708079355973,395.22415189743043,10
